{"nodes":{"node:1":{"location":{"x":-92,"y":-69}}},"selection":["node:1"],"view":{"scroll":{"x":-233.38397216796875,"y":-231.894363403320312},"visible_rect":{"max":{"x":515.24365234375,"y":300.4674072265625},"min":{"x":-245.099227905273438,"y":-243.53485107421875}},"zoom":0.952202022075653076}}